Sno,time,distance,Diffusion
1,456.4417178,0.006426267,Dgb
2,598.7730061,0.000727658,Db
3,181.595092,0.000400726,Db
4,265.0306748,0.00048411,Db
5,476.0736196,0.006563011,Dgb
6,392.6380368,0.00596022,Dgb
7,80.98159509,0.002706819,Dgb
8,255.2147239,0.004805283,Dgb
9,320.2453988,0.000532154,Db
10,166.8711656,0.000384137,Db
11,144.7852761,0.003619331,Dgb
12,560.7361963,0.007122712,Dgb
13,566.8711656,0.000708008,Db
14,338.6503067,0.005535309,Dgb
15,533.7423313,0.000687008,Db
16,153.3742331,0.000368275,Db
17,571.7791411,0.000711066,Db
18,447.8527607,0.000629309,Db
19,559.5092025,0.007114915,Dgb
20,202.4539877,0.004279857,Dgb
21,393.8650307,0.00059016,Db
22,203.6809816,0.000424396,Db
23,527.607362,0.000683048,Db
24,269.9386503,0.000488572,Db
25,319.0184049,0.00537247,Dgb
26,496.9325153,0.000662895,Db
27,139.8773006,0.000351698,Db
28,34.35582822,0.001763057,Dgb
29,404.9079755,0.006052632,Dgb
30,7.36196319,8.07E-05,Db
31,512.8834356,0.006812013,Dgb
32,573.006135,0.000711829,Db
33,431.9018405,0.000618,Db
34,3.680981595,0.000577096,Dgb
35,285.8895706,0.0005028,Db
36,294.4785276,0.005161702,Dgb
37,445.398773,0.000627582,Db
38,12.26993865,0.000104164,Db
39,374.2331288,0.000575264,Db
40,364.4171779,0.005742031,Dgb
41,236.809816,0.00045761,Db
42,549.6932515,0.000697198,Db
43,165.6441718,0.003871276,Dgb
44,414.7239264,0.006125558,Dgb
45,127.607362,0.003397848,Dgb
46,212.2699387,0.000433252,Db
47,283.4355828,0.000500637,Db
48,53.98773006,0.000218496,Db
49,477.3006135,0.006571464,Dgb
50,170.5521472,0.00392821,Dgb
51,25.76687117,0.001526852,Dgb
52,483.4355828,0.000653831,Db
53,485.8895706,0.006630326,Dgb
54,103.0674847,0.000301896,Db
55,159.5092025,0.000375568,Db
56,73.6196319,0.002580851,Dgb
57,157.0552147,0.000372668,Db
58,115.3374233,0.003230362,Dgb
59,500.6134969,0.006730036,Dgb
60,388.9570552,0.000586471,Db
61,429.4478528,0.000616242,Db
62,438.0368098,0.006295372,Dgb
63,180.3680982,0.004039671,Dgb
64,152.1472393,0.003710207,Dgb
65,278.5276074,0.00501996,Dgb
66,411.0429448,0.000602892,Db
67,310.4294479,0.005299655,Dgb
68,472.392638,0.00653759,Dgb
69,36.80981595,0.000180417,Db
70,310.4294479,0.000523935,Db
71,74.84662577,0.002602269,Dgb
72,549.6932515,0.007052227,Dgb
73,13.49693252,0.001105054,Dgb
74,412.2699387,0.006107408,Dgb
75,163.190184,0.003842493,Dgb
76,184.0490798,0.000403425,Db
77,575.4601227,0.007215621,Dgb
78,423.3128834,0.000611824,Db
79,336.196319,0.005515217,Dgb
80,225.7668712,0.004519561,Dgb
81,125.1533742,0.003365018,Dgb
82,429.4478528,0.006233347,Dgb
83,348.4662577,0.005614957,Dgb
84,355.8282209,0.00056094,Db
85,30.67484663,0.001665932,Dgb
86,568.0981595,0.007169317,Dgb
87,577.9141104,0.00723099,Dgb
88,99.38650307,0.000296456,Db
89,597.5460123,0.007352784,Dgb
90,418.404908,0.000608267,Db
91,376.6871166,0.000577147,Db
92,451.5337423,0.006391624,Dgb
93,77.3006135,0.000261449,Db
94,585.2760736,0.00071941,Db
95,523.9263804,0.006884957,Dgb
96,350.9202454,0.005634694,Dgb
97,161.9631902,0.003828021,Dgb
98,538.6503067,0.006981031,Dgb
99,260.1226994,0.000479607,Db
100,528.8343558,0.00691713,Dgb
101,71.16564417,0.00025086,Db
102,277.3006135,0.00500889,Dgb
103,484.6625767,0.006621949,Dgb
104,487.1165644,0.006638693,Dgb
105,390.1840491,0.000587396,Db
106,31.90184049,0.000167959,Db
107,195.0920245,0.004201321,Dgb
108,269.9386503,0.004941953,Dgb
109,419.6319018,0.006161697,Dgb
110,300.6134969,0.000515585,Db
111,121.4723926,0.003315163,Dgb
112,520.2453988,0.000678266,Db
113,282.208589,0.000499552,Db
114,287.1165644,0.005096772,Dgb
115,471.1656442,0.006529094,Dgb
116,569.3251534,0.000709539,Db
117,99.38650307,0.002998678,Dgb
118,157.0552147,0.003769574,Dgb
119,173.006135,0.000391135,Db
120,190.1840491,0.004148138,Dgb
121,134.9693252,0.003494489,Dgb
122,126.3803681,0.0003343,Db
123,365.6441718,0.00575169,Dgb
124,473.6196319,0.006546075,Dgb
125,397.5460123,0.005997356,Dgb
126,228.2208589,0.000449235,Db
127,471.1656442,0.00064548,Db
128,531.2883436,0.00693316,Dgb
129,593.8650307,0.007330101,Dgb
130,279.7546012,0.000497376,Db
131,581.595092,0.007253982,Dgb
132,137.4233129,0.003526114,Dgb
133,458.8957055,0.00063702,Db
134,396.3190184,0.005988093,Dgb
135,109.202454,0.000310751,Db
136,68.71165644,0.002493339,Dgb
137,294.4785276,0.000510297,Db
138,130.0613497,0.003430364,Dgb
139,314.1104294,0.000527032,Db
140,164.4171779,0.000381302,Db
141,105.5214724,0.003089844,Dgb
142,58.89570552,0.000228212,Db
143,503.0674847,0.006746511,Dgb
144,440.4907975,0.000624115,Db
145,323.9263804,0.000535204,Db
146,299.3865031,0.005204538,Dgb
147,176.6871166,0.000395274,Db
148,357.0552147,0.005683735,Dgb
149,538.6503067,0.000690159,Db
150,528.8343558,0.000683842,Db
151,381.595092,0.005875807,Dgb
152,63.80368098,0.00023753,Db
153,472.392638,0.00064632,Db
154,242.9447853,0.0004635,Db
155,449.0797546,0.006374232,Dgb
156,425.7668712,0.000613595,Db
157,482.208589,0.000653,Db
158,317.791411,0.005362128,Dgb
159,564.4171779,0.007146053,Dgb
160,137.4233129,0.000348599,Db
161,40.49079755,0.00191401,Dgb
162,72.39263804,0.002559254,Dgb
163,244.1717791,0.000464669,Db
164,375.4601227,0.005828382,Dgb
165,322.6993865,0.005403376,Dgb
166,117.791411,0.00032274,Db
167,45.39877301,0.002026694,Dgb
168,217.1779141,0.004432757,Dgb
169,249.0797546,0.000469316,Db
170,138.6503067,0.000350152,Db
171,88.34355828,0.000279501,Db
172,196.3190184,0.000416656,Db
173,146.0122699,0.000359328,Db
174,274.8466258,0.004986678,Dgb
175,61.34969325,0.002355984,Dgb
176,100.6134969,0.003017131,Dgb
177,132.5153374,0.000342317,Db
178,494.4785276,0.006688671,Dgb
179,209.8159509,0.004356978,Dgb
180,105.5214724,0.000305468,Db
181,312.8834356,0.005320561,Dgb
182,24.5398773,0.001490055,Dgb
183,180.3680982,0.00039937,Db
184,277.3006135,0.000495189,Db
185,457.6687117,0.000636168,Db
186,514.1104294,0.006820156,Dgb
187,292.0245399,0.000508166,Db
188,512.8834356,0.00067345,Db
189,343.5582822,0.005575275,Dgb
190,492.0245399,0.000659613,Db
191,284.6625767,0.00050172,Db
192,441.7177914,0.000624983,Db
193,233.1288344,0.004592658,Dgb
194,30.67484663,0.000164698,Db
195,343.5582822,0.000551183,Db
196,315.3374233,0.005341385,Dgb
197,304.2944785,0.005247025,Dgb
198,110.4294479,0.000312492,Db
199,521.4723926,0.006868814,Dgb
200,365.6441718,0.000568624,Db
201,263.803681,0.004885472,Dgb
202,417.1779141,0.006143654,Dgb
203,431.9018405,0.006251131,Dgb
204,344.7852761,0.000552167,Db
205,548.4662577,0.007044352,Dgb
206,319.0184049,0.000531134,Db
207,244.1717791,0.004700173,Dgb
208,483.4355828,0.006613562,Dgb
209,35.58282209,0.000177385,Db
210,271.1656442,0.004953172,Dgb
211,403.6809816,0.006043454,Dgb
212,119.0184049,0.003281506,Dgb
213,117.791411,0.003264547,Dgb
214,468.7116564,0.006512069,Dgb
215,519.0184049,0.006852633,Dgb
216,4.90797546,6.59E-05,Db
217,558.2822086,0.000702624,Db
218,29.44785276,0.001632273,Dgb
219,536.196319,0.000688586,Db
220,268.7116564,0.00048746,Db
221,428.2208589,0.000615361,Db
222,148.4662577,0.000362335,Db
223,565.6441718,0.000707241,Db
224,226.993865,0.000448026,Db
225,22.08588957,0.00141359,Dgb
226,175.4601227,0.00398433,Dgb
227,359.5092025,0.000563834,Db
228,348.4662577,0.000555107,Db
229,355.8282209,0.00567396,Dgb
230,474.8466258,0.006554549,Dgb
231,579.1411043,0.007238662,Dgb
232,558.2822086,0.007107109,Dgb
233,326.3803681,0.000537227,Db
234,29.44785276,0.00016137,Db
235,293.2515337,0.000509233,Db
236,480.9815951,0.006596755,Dgb
237,564.4171779,0.000706474,Db
238,369.3251534,0.000571479,Db
239,234.3558282,0.004604728,Dgb
240,487.1165644,0.000656315,Db
241,469.9386503,0.000644639,Db
242,52.7607362,0.000215999,Db
243,509.202454,0.006787524,Dgb
244,67.48466258,0.002470977,Dgb
245,107.9754601,0.003125566,Dgb
246,101.8404908,0.003035473,Dgb
247,18.40490798,0.001290425,Dgb
248,229.4478528,0.004556256,Dgb
249,458.8957055,0.006443519,Dgb
250,501.8404908,0.006738278,Dgb
251,116.5644172,0.000321055,Db
252,106.7484663,0.000307239,Db
253,41.71779141,0.000192069,Db
254,38.03680982,0.000183399,Db
255,214.7239264,0.004407642,Dgb
256,274.8466258,0.000492994,Db
257,228.2208589,0.004544057,Dgb
258,106.7484663,0.003107756,Dgb
259,261.3496933,0.000480736,Db
260,352.1472393,0.005644536,Dgb
261,596.3190184,0.000726165,Db
262,34.35582822,0.0001743,Db
263,484.6625767,0.00065466,Db
264,42.94478528,0.001971157,Dgb
265,134.9693252,0.000345473,Db
266,317.791411,0.000530111,Db
267,557.0552147,0.000701851,Db
268,253.9877301,0.000473917,Db
269,8.588957055,0.000881528,Dgb
270,390.1840491,0.005941565,Dgb
271,316.5644172,0.000529087,Db
272,15.95092025,0.000118765,Db
273,363.190184,0.005732356,Dgb
274,39.26380368,0.000186334,Db
275,49.0797546,0.002107256,Dgb
276,166.8711656,0.003885588,Dgb
277,266.2576687,0.000485229,Db
278,314.1104294,0.005330983,Dgb
279,123.9263804,0.000331038,Db
280,444.1717791,0.000626717,Db
281,305.5214724,0.000519777,Db
282,565.6441718,0.007153816,Dgb
283,517.791411,0.000676665,Db
284,62.57668712,0.000235235,Db
285,600,0.007367866,Dgb
286,131.2883436,0.000340729,Db
287,368.0981595,0.000570529,Db
288,501.8404908,0.00066616,Db
289,262.5766871,0.000481864,Db
290,361.9631902,0.000565755,Db
291,463.803681,0.000640417,Db
292,155.8282209,0.00375482,Dgb
293,554.601227,0.000700304,Db
294,187.7300613,0.004121288,Dgb
295,330.0613497,0.000540248,Db
296,123.9263804,0.003348482,Dgb
297,186.5030675,0.004107798,Dgb
298,50.30674847,0.000210916,Db
299,72.39263804,0.000253013,Db
300,224.5398773,0.000445597,Db
301,494.4785276,0.000661256,Db
302,350.9202454,0.000557058,Db
303,63.80368098,0.002402641,Dgb
304,537.4233129,0.000689373,Db
305,371.7791411,0.005799741,Dgb
306,450.3067485,0.00063103,Db
307,60.12269939,0.002332305,Dgb
308,359.5092025,0.005703233,Dgb
309,280.9815951,0.005042026,Dgb
310,96.93251534,0.002961426,Dgb
311,584.0490798,0.000718655,Db
312,534.9693252,0.006957137,Dgb
313,144.7852761,0.000357815,Db
314,299.3865031,0.000514532,Db
315,296.9325153,0.000512419,Db
316,88.34355828,0.002827181,Dgb
317,55.21472393,0.002235083,Dgb
318,409.8159509,0.000601992,Db
319,397.5460123,0.000592911,Db
320,499.3865031,0.006721783,Dgb
321,395.0920245,0.005978817,Dgb
322,182.8220859,0.000402078,Db
323,204.9079755,0.000425672,Db
324,252.7607362,0.000472771,Db
325,424.5398773,0.006197626,Dgb
326,154.601227,0.003740008,Dgb
327,284.6625767,0.005074944,Dgb
328,400,0.000594738,Db
329,74.84662577,0.000257266,Db
330,439.2638037,0.000623245,Db
331,17.17791411,0.000123248,Db
332,76.07361963,0.002623513,Dgb
333,338.6503067,0.000547232,Db
334,18.40490798,0.000127574,Db
335,382.8220859,0.005885246,Dgb
336,341.1042945,0.005555328,Dgb
337,7.36196319,0.000816137,Dgb
338,375.4601227,0.000576206,Db
339,510.4294479,0.006795696,Dgb
340,128.8343558,0.00033753,Db
341,52.7607362,0.00218485,Dgb
342,252.7607362,0.004782125,Dgb
343,177.9141104,0.004012096,Dgb
344,407.3619632,0.006070946,Dgb
345,553.3742331,0.0070758,Dgb
346,500.6134969,0.000665346,Db
347,23.31288344,0.00014358,Db
348,90.79754601,0.000283356,Db
349,17.17791411,0.001246669,Dgb
350,420.8588957,0.000610048,Db
351,114.1104294,0.000317657,Db
352,47.85276074,0.000205707,Db
353,92.02453988,0.000285265,Db
354,402.4539877,0.00059656,Db
355,527.607362,0.006909101,Dgb
356,283.4355828,0.005063995,Dgb
357,509.202454,0.000671029,Db
358,45.39877301,0.000200363,Db
359,253.9877301,0.004793718,Dgb
360,539.8773006,0.006988977,Dgb
361,373.006135,0.00057432,Db
362,331.2883436,0.005474812,Dgb
363,320.2453988,0.005382791,Dgb
364,422.0858896,0.000610937,Db
365,467.4846626,0.000642954,Db
366,245.398773,0.004711968,Dgb
367,8.588957055,8.71E-05,Db
368,171.7791411,0.003942315,Dgb
369,116.5644172,0.0032475,Dgb
370,442.9447853,0.006330542,Dgb
371,208.5889571,0.000429479,Db
372,213.4969325,0.000434502,Db
373,403.6809816,0.000597469,Db
374,234.3558282,0.000455233,Db
375,407.3619632,0.000600187,Db
376,260.1226994,0.004851268,Dgb
377,543.5582822,0.007012763,Dgb
378,50.30674847,0.002133434,Dgb
379,213.4969325,0.004395031,Dgb
380,385.2760736,0.005904079,Dgb
381,544.7852761,0.007020674,Dgb
382,223.3128834,0.000444378,Db
383,71.16564417,0.002537472,Dgb
384,201.2269939,0.000421832,Db
385,164.4171779,0.003856912,Dgb
386,576.6871166,0.00722331,Dgb
387,493.2515337,0.006680367,Dgb
388,516.5644172,0.000675862,Db
389,200,0.00425384,Dgb
390,214.7239264,0.000435749,Db
391,342.3312883,0.000550198,Db
392,465.0306748,0.000641264,Db
393,525.1533742,0.000681458,Db
394,19.63190184,0.001332746,Dgb
395,366.8711656,0.005761332,Dgb
396,493.2515337,0.000660435,Db
397,311.6564417,0.005310118,Dgb
398,496.9325153,0.006705248,Dgb
399,119.0184049,0.000324417,Db
400,516.5644172,0.006836414,Dgb
401,122.6993865,0.003331864,Dgb
402,224.5398773,0.004507262,Dgb
403,110.4294479,0.003160884,Dgb
404,552.1472393,0.007067951,Dgb
405,436.809816,0.000621502,Db
406,56.44171779,0.000223407,Db
407,230.6748466,0.000451644,Db
408,366.8711656,0.000569577,Db
409,463.803681,0.006477885,Dgb
410,570.5521472,0.007184785,Dgb
411,593.8650307,0.000724669,Db
412,298.1595092,0.005193862,Dgb
413,303.0674847,0.000517685,Db
414,561.9631902,0.000704936,Db
415,121.4723926,0.000327744,Db
416,122.6993865,0.000329395,Db
417,25.76687117,0.000150948,Db
418,539.8773006,0.000690945,Db
419,412.2699387,0.000603791,Db
420,192.6380368,0.004174814,Dgb
421,41.71779141,0.001942794,Dgb
422,468.7116564,0.000643797,Db
423,288.3435583,0.005107651,Dgb
424,453.9877301,0.006408969,Dgb
425,517.791411,0.006844528,Dgb
426,546.0122699,0.007028575,Dgb
427,305.5214724,0.005257593,Dgb
428,361.9631902,0.005722665,Dgb
429,495.7055215,0.000662076,Db
430,422.0858896,0.006179688,Dgb
431,263.803681,0.000482988,Db
432,288.3435583,0.000504953,Db
433,20.85889571,0.000135813,Db
434,197.5460123,0.000417956,Db
435,377.9141104,0.000578086,Db
436,360.7361963,0.000564795,Db
437,600,0.000728403,Db
438,353.3742331,0.000559002,Db
439,2.45398773,0.000471197,Dgb
440,47.85276074,0.002080749,Dgb
441,352.1472393,0.000558031,Db
442,370.5521472,0.005790163,Dgb
443,346.0122699,0.000553149,Db
444,569.3251534,0.007177055,Dgb
445,62.57668712,0.002379427,Dgb
446,499.3865031,0.00066453,Db
447,479.7546012,0.000651337,Db
448,322.6993865,0.000534189,Db
449,3.680981595,5.71E-05,Db
450,96.93251534,0.000292773,Db
451,596.3190184,0.007345231,Dgb
452,369.3251534,0.005780568,Dgb
453,60.12269939,0.000230577,Db
454,90.79754601,0.002866178,Dgb
455,504.2944785,0.000667787,Db
456,532.5153374,0.000686218,Db
457,142.3312883,0.003588528,Dgb
458,77.3006135,0.002644585,Dgb
459,206.1349693,0.00431859,Dgb
460,76.07361963,0.000259366,Db
461,207.3619632,0.000428214,Db
462,426.993865,0.000614479,Db
463,109.202454,0.003143274,Dgb
464,334.9693252,0.00054425,Db
465,402.4539877,0.006034263,Dgb
466,574.2331288,0.000712591,Db
467,28.2208589,0.001597906,Dgb
468,222.0858896,0.000443156,Db
469,490.797546,0.006663729,Dgb
470,474.8466258,0.000647997,Db
471,326.3803681,0.005434106,Dgb
472,235.5828221,0.000456423,Db
473,240.4907975,0.00466461,Dgb
474,331.2883436,0.000541251,Db
475,586.5030675,0.000720164,Db
476,231.9018405,0.000452843,Db
477,14.72392638,0.001154192,Dgb
478,84.66257669,0.002767654,Dgb
479,377.9141104,0.005847398,Dgb
480,279.7546012,0.005031005,Dgb
481,238.0368098,0.000458794,Db
482,136.196319,0.003510337,Dgb
483,316.5644172,0.005351766,Dgb
484,396.3190184,0.000591996,Db
485,233.1288344,0.00045404,Db
486,505.5214724,0.006762946,Dgb
487,65.03067485,0.000239803,Db
488,98.1595092,0.00029462,Db
489,511.6564417,0.006803859,Dgb
490,582.8220859,0.0007179,Db
491,337.4233129,0.00054624,Db
492,532.5153374,0.006941162,Dgb
493,256.4417178,0.00481682,Dgb
494,371.7791411,0.000573375,Db
495,292.0245399,0.00514015,Dgb
496,434.3558282,0.000619753,Db
497,406.1349693,0.000599282,Db
498,13.49693252,0.000109248,Db
499,581.595092,0.000717144,Db
500,307.9754601,0.005278666,Dgb
501,93.25153374,0.002904652,Dgb
502,495.7055215,0.006696964,Dgb
503,95.70552147,0.002942623,Dgb
504,158.2822086,0.000374121,Db
505,492.0245399,0.006672053,Dgb
506,462.5766871,0.00646931,Dgb
507,506.7484663,0.006771148,Dgb
508,587.7300613,0.007292141,Dgb
509,174.2331288,0.00039252,Db
510,0,0,Dgb
511,425.7668712,0.006206575,Dgb
512,547.2392638,0.007036468,Dgb
513,161.9631902,0.000378446,Db
514,147.2392638,0.000360834,Db
515,204.9079755,0.004305718,Dgb
516,153.3742331,0.003725138,Dgb
517,198.7730061,0.004240771,Dgb
518,325.1533742,0.000536216,Db
519,395.0920245,0.000591078,Db
520,386.5030675,0.005913472,Dgb
521,246.6257669,0.000466998,Db
522,409.8159509,0.006089204,Dgb
523,546.0122699,0.00069486,Db
524,256.4417178,0.000476201,Db
525,478.5276074,0.000650503,Db
526,241.7177914,0.000462328,Db
527,440.4907975,0.006312982,Dgb
528,198.7730061,0.000419252,Db
529,498.1595092,0.00671352,Dgb
530,334.9693252,0.005505143,Dgb
531,507.9754601,0.006779341,Dgb
532,191.4110429,0.000411414,Db
533,360.7361963,0.005712957,Dgb
534,215.9509202,0.004420217,Dgb
535,181.595092,0.004053388,Dgb
536,238.0368098,0.00464075,Dgb
537,203.6809816,0.004292807,Dgb
538,584.0490798,0.00726927,Dgb
539,598.7730061,0.007360329,Dgb
540,450.3067485,0.006382934,Dgb
541,24.5398773,0.00014731,Db
542,114.1104294,0.003213134,Dgb
543,315.3374233,0.000528061,Db
544,222.0858896,0.004482565,Dgb
545,247.8527607,0.000468158,Db
546,555.8282209,0.000701078,Db
547,276.0736196,0.004997796,Dgb
548,179.1411043,0.00039801,Db
549,466.2576687,0.000642109,Db
550,358.2822086,0.000562871,Db
551,476.0736196,0.000648833,Db
552,595.0920245,0.000725418,Db
553,55.21472393,0.000220965,Db
554,287.1165644,0.000503878,Db
555,590.1840491,0.00072242,Db
556,435.5828221,0.006277713,Dgb
557,452.7607362,0.000632747,Db
558,482.208589,0.006605164,Dgb
559,591.4110429,0.007314941,Dgb
560,373.006135,0.005809304,Dgb
561,202.4539877,0.000423116,Db
562,103.0674847,0.003053704,Dgb
563,312.8834356,0.000526002,Db
564,328.8343558,0.005454497,Dgb
565,339.8773006,0.005545327,Dgb
566,273.6196319,0.004975534,Dgb
567,173.006135,0.00395637,Dgb
568,290.797546,0.00512934,Dgb
569,451.5337423,0.000631889,Db
570,384.0490798,0.00589467,Dgb
571,498.1595092,0.000663713,Db
572,587.7300613,0.000720916,Db
573,544.7852761,0.000694079,Db
574,217.1779141,0.000438232,Db
575,311.6564417,0.000524969,Db
576,547.2392638,0.00069564,Db
577,187.7300613,0.000407439,Db
578,245.398773,0.000465835,Db
579,423.3128834,0.006188663,Dgb
580,23.31288344,0.001452326,Dgb
581,506.7484663,0.00066941,Db
582,323.9263804,0.005413639,Dgb
583,33.12883436,0.001731287,Dgb
584,363.190184,0.000566713,Db
585,321.4723926,0.005393093,Dgb
586,522.6993865,0.00687689,Dgb
587,152.1472393,0.000366799,Db
588,249.0797546,0.004747176,Dgb
589,353.3742331,0.005654361,Dgb
590,579.1411043,0.000715629,Db
591,38.03680982,0.001855104,Dgb
592,257.6687117,0.00482833,Dgb
593,175.4601227,0.000393899,Db
594,449.0797546,0.00063017,Db
595,258.8957055,0.000478474,Db
596,477.3006135,0.000649669,Db
597,514.1104294,0.000674255,Db
598,251.5337423,0.004770504,Dgb
599,573.006135,0.00720022,Dgb
600,139.8773006,0.003557458,Dgb
601,131.2883436,0.003446507,Dgb
602,149.6932515,0.000363829,Db
603,571.7791411,0.007192506,Dgb
604,218.404908,0.000439468,Db
605,438.0368098,0.000622374,Db
606,364.4171779,0.000567669,Db
607,1.226993865,3.29E-05,Db
608,385.2760736,0.00058369,Db
609,26.99386503,0.0001545,Db
610,84.66257669,0.000273616,Db
611,83.43558282,0.002747526,Dgb
612,379.1411043,0.000579024,Db
613,215.9509202,0.000436992,Db
614,69.93865031,0.000248688,Db
615,332.5153374,0.000542253,Db
616,552.1472393,0.000698753,Db
617,433.1288344,0.000618877,Db
618,188.9570552,0.004134735,Dgb
619,177.9141104,0.000396644,Db
620,330.0613497,0.005464664,Dgb
621,568.0981595,0.000708774,Db
622,33.12883436,0.000171159,Db
623,196.3190184,0.004214512,Dgb
624,455.2147239,0.006417624,Dgb
625,185.2760736,0.000404768,Db
626,401.2269939,0.00059565,Db
627,582.8220859,0.00726163,Dgb
628,444.1717791,0.006339304,Dgb
629,61.34969325,0.000232918,Db
630,239.2638037,0.004652695,Dgb
631,347.2392638,0.000554128,Db
632,388.9570552,0.005932216,Dgb
633,182.8220859,0.004067059,Dgb
634,358.2822086,0.005693492,Dgb
635,515.3374233,0.000675059,Db
636,521.4723926,0.000679065,Db
637,219.6319018,0.004457731,Dgb
638,520.2453988,0.006860728,Dgb
639,467.4846626,0.00650354,Dgb
640,404.9079755,0.000598376,Db
641,132.5153374,0.003462575,Dgb
642,413.4969325,0.000604689,Db
643,184.0490798,0.004080684,Dgb
644,380.3680982,0.005866352,Dgb
645,201.2269939,0.004266868,Dgb
646,255.2147239,0.00047506,Db
647,46.62576687,0.002053899,Dgb
648,293.2515337,0.005150937,Dgb
649,525.1533742,0.006893014,Dgb
650,95.70552147,0.000290914,Db
651,229.4478528,0.000450441,Db
652,40.49079755,0.000189223,Db
653,346.0122699,0.005595152,Dgb
654,370.5521472,0.000572428,Db
655,197.5460123,0.004227662,Dgb
656,588.9570552,0.007299749,Dgb
657,309.202454,0.000522899,Db
658,9.81595092,9.32E-05,Db
659,107.9754601,0.000309,Db
660,207.3619632,0.004331424,Dgb
661,257.6687117,0.000477339,Db
662,66.25766871,0.000242055,Db
663,460.1226994,0.006452127,Dgb
664,67.48466258,0.000244286,Db
665,168.0981595,0.000385547,Db
666,574.2331288,0.007207924,Dgb
667,218.404908,0.004445261,Dgb
668,165.6441718,0.000382723,Db
669,333.7423313,0.005495051,Dgb
670,489.5705521,0.000657966,Db
671,413.4969325,0.00611649,Dgb
672,79.75460123,0.002686235,Dgb
673,57.66871166,0.002284211,Dgb
674,349.6932515,0.005624834,Dgb
675,169.3251534,0.000386952,Db
676,295.7055215,0.005172444,Dgb
677,111.6564417,0.003178396,Dgb
678,570.5521472,0.000710303,Db
679,223.3128834,0.004494931,Dgb
680,460.1226994,0.000637871,Db
681,185.2760736,0.004094263,Dgb
682,406.1349693,0.006061796,Dgb
683,112.8834356,0.000315945,Db
684,104.2944785,0.000303687,Db
685,169.3251534,0.003914054,Dgb
686,92.02453988,0.002885479,Dgb
687,586.5030675,0.007284525,Dgb
688,426.993865,0.006215512,Dgb
689,193.8650307,0.000414043,Db
690,69.93865031,0.002515502,Dgb
691,212.2699387,0.004382383,Dgb
692,170.5521472,0.000388351,Db
693,542.3312883,0.000692514,Db
694,401.2269939,0.006025057,Dgb
695,267.4846626,0.004919439,Dgb
696,415.9509202,0.006134613,Dgb
697,141.1042945,0.000353237,Db
698,357.0552147,0.000561906,Db
699,523.9263804,0.000680661,Db
700,46.62576687,0.000203053,Db
701,262.5766871,0.004874097,Dgb
702,85.88957055,0.002787638,Dgb
703,447.8527607,0.006365518,Dgb
704,408.5889571,0.00060109,Db
705,278.5276074,0.000496284,Db
706,26.99386503,0.001562783,Dgb
707,126.3803681,0.003381473,Dgb
708,15.95092025,0.001201321,Dgb
709,128.8343558,0.003414145,Dgb
710,435.5828221,0.000620628,Db
711,411.0429448,0.006098313,Dgb
712,78.52760736,0.002665491,Dgb
713,387.7300613,0.005922851,Dgb
714,380.3680982,0.00057996,Db
715,507.9754601,0.00067022,Db
716,186.5030675,0.000406106,Db
717,522.6993865,0.000679864,Db
718,200,0.000420544,Db
719,550.9202454,0.000697976,Db
720,265.0306748,0.00489682,Dgb
721,12.26993865,0.001053628,Dgb
722,295.7055215,0.000511359,Db
723,56.44171779,0.00225978,Dgb
724,51.53374233,0.002159295,Dgb
725,478.5276074,0.006579905,Dgb
726,206.1349693,0.000426945,Db
727,94.47852761,0.002923699,Dgb
728,11.04294479,0.000999559,Dgb
729,158.2822086,0.00378427,Dgb
730,73.6196319,0.000255148,Db
731,534.9693252,0.000687797,Db
732,386.5030675,0.000584618,Db
733,473.6196319,0.000647159,Db
734,489.5705521,0.006655394,Dgb
735,87.11656442,0.002807479,Dgb
736,379.1411043,0.005856883,Dgb
737,146.0122699,0.003634635,Dgb
738,555.8282209,0.007091472,Dgb
739,414.7239264,0.000605586,Db
740,133.7423313,0.003478568,Dgb
741,89.57055215,0.002846746,Dgb
742,65.03067485,0.002425634,Dgb
743,592.6380368,0.00072392,Db
744,195.0920245,0.000415351,Db
745,408.5889571,0.006080082,Dgb
746,307.9754601,0.00052186,Db
747,337.4233129,0.005525272,Dgb
748,163.190184,0.000379877,Db
749,159.5092025,0.00379891,Dgb
750,58.89570552,0.002308383,Dgb
751,250.3067485,0.004758854,Dgb
752,298.1595092,0.000513476,Db
753,209.8159509,0.00043074,Db
754,436.809816,0.006286549,Dgb
755,98.1595092,0.00298011,Dgb
756,597.5460123,0.000726912,Db
757,266.2576687,0.004908143,Dgb
758,44.17177914,0.001999119,Dgb
759,452.7607362,0.006400302,Dgb
760,561.9631902,0.007130501,Dgb
761,503.0674847,0.000666974,Db
762,240.4907975,0.000461153,Db
763,374.2331288,0.005818851,Dgb
764,6.134969325,0.000745028,Dgb
765,441.7177914,0.006321768,Dgb
766,381.595092,0.000580895,Db
767,241.7177914,0.004676494,Dgb
768,282.208589,0.005053022,Dgb
769,533.7423313,0.006949154,Dgb
770,296.9325153,0.005183164,Dgb
771,133.7423313,0.000343899,Db
772,398.7730061,0.000593826,Db
773,398.7730061,0.006006604,Dgb
774,6.134969325,7.37E-05,Db
775,575.4601227,0.000713352,Db
776,301.8404908,0.005225825,Dgb
777,147.2392638,0.003649874,Dgb
778,465.0306748,0.006486447,Dgb
779,531.2883436,0.000685427,Db
780,22.08588957,0.000139751,Db
781,490.797546,0.00065879,Db
782,391.4110429,0.0059509,Dgb
783,595.0920245,0.00733767,Dgb
784,566.8711656,0.007161571,Dgb
785,28.2208589,0.000157972,Db
786,530.0613497,0.000684635,Db
787,306.7484663,0.000520819,Db
788,327.607362,0.005444311,Dgb
789,289.5705521,0.005118507,Dgb
790,457.6687117,0.006434899,Dgb
791,168.0981595,0.003899847,Dgb
792,504.2944785,0.006754733,Dgb
793,20.85889571,0.001373763,Dgb
794,271.1656442,0.000489681,Db
795,42.94478528,0.000194873,Db
796,273.6196319,0.000491892,Db
797,246.6257669,0.004723733,Dgb
798,433.1288344,0.006260005,Dgb
799,80.98159509,0.000267602,Db
800,142.3312883,0.000354769,Db
801,430.6748466,0.000617122,Db
802,542.3312883,0.007004843,Dgb
803,154.601227,0.000369745,Db
804,417.1779141,0.000607375,Db
805,231.9018405,0.004580556,Dgb
806,453.9877301,0.000633604,Db
807,526.3803681,0.006901062,Dgb
808,300.6134969,0.005215193,Dgb
809,303.0674847,0.005236436,Dgb
810,136.196319,0.000347039,Db
811,120.2453988,0.000326085,Db
812,553.3742331,0.000699529,Db
813,415.9509202,0.000606481,Db
814,511.6564417,0.000672644,Db
815,462.5766871,0.00063957,Db
816,548.4662577,0.00069642,Db
817,563.190184,0.007138281,Dgb
818,143.5582822,0.000356295,Db
819,36.80981595,0.001824937,Dgb
820,344.7852761,0.005585222,Dgb
821,193.8650307,0.004188088,Dgb
822,188.9570552,0.000408769,Db
823,160.7361963,0.00037701,Db
824,78.52760736,0.000263516,Db
825,591.4110429,0.000723171,Db
826,1.226993865,0.000333186,Dgb
827,559.5092025,0.000703396,Db
828,31.90184049,0.001698924,Dgb
829,258.8957055,0.004839812,Dgb
830,387.7300613,0.000585546,Db
831,585.2760736,0.007276901,Dgb
832,560.7361963,0.000704166,Db
833,93.25153374,0.00028716,Db
834,341.1042945,0.000549211,Db
835,57.66871166,0.000225822,Db
836,446.6257669,0.006356792,Dgb
837,111.6564417,0.000314223,Db
838,376.6871166,0.005837898,Dgb
839,208.5889571,0.00434422,Dgb
840,592.6380368,0.007322525,Dgb
841,420.8588957,0.006170699,Dgb
842,557.0552147,0.007099295,Dgb
843,236.809816,0.004628774,Dgb
844,332.5153374,0.005484941,Dgb
845,541.1042945,0.006996915,Dgb
846,424.5398773,0.00061271,Db
847,79.75460123,0.000265567,Db
848,267.4846626,0.000486346,Db
849,39.26380368,0.001884787,Dgb
850,333.7423313,0.000543252,Db
851,328.8343558,0.000539243,Db
852,306.7484663,0.00526814,Dgb
853,247.8527607,0.004735469,Dgb
854,261.3496933,0.004862696,Dgb
855,455.2147239,0.00063446,Db
856,150.9202454,0.000365317,Db
857,301.8404908,0.000516636,Db
858,309.202454,0.005289171,Dgb
859,466.2576687,0.006494999,Dgb
860,101.8404908,0.000300093,Db
861,53.98773006,0.002210109,Dgb
862,150.9202454,0.003695216,Dgb
863,536.196319,0.006965111,Dgb
864,219.6319018,0.000440701,Db
865,4.90797546,0.000666373,Dgb
866,87.11656442,0.000277553,Db
867,0,0,Db
868,9.81595092,0.000942394,Dgb
869,446.6257669,0.000628446,Db
870,515.3374233,0.00682829,Dgb
871,174.2331288,0.003970375,Dgb
872,342.3312883,0.005565311,Dgb
873,485.8895706,0.000655488,Db
874,321.4723926,0.000533173,Db
875,550.9202454,0.007060094,Dgb
876,83.43558282,0.000271626,Db
877,488.3435583,0.006647048,Dgb
878,143.5582822,0.003603962,Dgb
879,526.3803681,0.000682254,Db
880,510.4294479,0.000671837,Db
881,456.4417178,0.000635314,Db
882,505.5214724,0.000668599,Db
883,354.601227,0.005664169,Dgb
884,580.3680982,0.000716387,Db
885,49.0797546,0.000208328,Db
886,339.8773006,0.000548223,Db
887,190.1840491,0.000410094,Db
888,192.6380368,0.000412731,Db
889,171.7791411,0.000389746,Db
890,580.3680982,0.007246326,Dgb
891,225.7668712,0.000446813,Db
892,176.6871166,0.003998237,Dgb
893,94.47852761,0.000289043,Db
894,230.6748466,0.004568422,Dgb
895,439.2638037,0.006304183,Dgb
896,35.58282209,0.001794264,Dgb
897,537.4233129,0.006973075,Dgb
898,14.72392638,0.000114106,Db
899,442.9447853,0.000625851,Db
900,220.8588957,0.00044193,Db
901,576.6871166,0.000714112,Db
902,428.2208589,0.006224436,Dgb
903,382.8220859,0.000581828,Db
904,141.1042945,0.003573026,Dgb
905,242.9447853,0.004688349,Dgb
906,304.2944785,0.000518732,Db
907,347.2392638,0.005605063,Dgb
908,419.6319018,0.000609158,Db
909,19.63190184,0.000131758,Db
910,2.45398773,4.66E-05,Db
911,519.0184049,0.000677466,Db
912,336.196319,0.000545246,Db
913,82.20858896,0.000269622,Db
914,68.71165644,0.000246497,Db
915,66.25766871,0.00244841,Dgb
916,391.4110429,0.000588319,Db
917,85.88957055,0.000275592,Db
918,479.7546012,0.006588335,Dgb
919,191.4110429,0.004161497,Dgb
920,384.0490798,0.000582759,Db
921,125.1533742,0.000332673,Db
922,130.0613497,0.000339133,Db
923,211.0429448,0.004369699,Dgb
924,430.6748466,0.006242246,Dgb
925,393.8650307,0.005969526,Dgb
926,268.7116564,0.004930709,Dgb
927,349.6932515,0.000556083,Db
928,226.993865,0.004531825,Dgb
929,325.1533742,0.005423882,Dgb
930,100.6134969,0.00029828,Db
931,290.797546,0.000507097,Db
932,51.53374233,0.000213472,Db
933,461.3496933,0.000638721,Db
934,480.9815951,0.000652169,Db
935,327.607362,0.000538236,Db
936,400,0.006015838,Dgb
937,434.3558282,0.006268865,Dgb
938,160.7361963,0.003813493,Dgb
939,155.8282209,0.000371209,Db
940,120.2453988,0.003298377,Dgb
941,127.607362,0.000335918,Db
942,280.9815951,0.000498465,Db
943,588.9570552,0.000721669,Db
944,250.3067485,0.00047047,Db
945,563.190184,0.000705706,Db
946,115.3374233,0.00031936,Db
947,251.5337423,0.000471622,Db
948,11.04294479,9.88E-05,Db
949,148.4662577,0.003665051,Dgb
950,211.0429448,0.000431998,Db
951,530.0613497,0.00692515,Dgb
952,239.2638037,0.000459975,Db
953,272.392638,0.000490788,Db
954,179.1411043,0.004025907,Dgb
955,445.398773,0.006348054,Dgb
956,461.3496933,0.006460725,Dgb
957,104.2944785,0.003071827,Dgb
958,89.57055215,0.000281435,Db
959,368.0981595,0.005770958,Dgb
960,577.9141104,0.000714871,Db
961,276.0736196,0.000494093,Db
962,469.9386503,0.006520587,Dgb
963,554.601227,0.007083641,Dgb
964,590.1840491,0.007307349,Dgb
965,220.8588957,0.004470165,Dgb
966,82.20858896,0.002727248,Dgb
967,543.5582822,0.000693297,Db
968,289.5705521,0.000506026,Db
969,285.8895706,0.00508587,Dgb
970,392.6380368,0.00058924,Db
971,44.17177914,0.000197637,Db
972,541.1042945,0.00069173,Db
973,138.6503067,0.00354182,Dgb
974,272.392638,0.004964366,Dgb
975,235.5828221,0.004616767,Dgb
976,149.6932515,0.003680164,Dgb
977,488.3435583,0.000657141,Db
978,354.601227,0.000559972,Db
979,112.8834356,0.003195812,Dgb
980,418.404908,0.006152682,Dgb